{
"block_items":[{"expanded":false,"Exclusion Rule Type":"None","UNR":"none","Index":"1","Blk Type":"code block","Src Start Line":"23","Score":"1","Enclosing Entity":"controller_tb.uut","Source":"parameter NCLOCK = 10;"}
,{"expanded":false,"Exclusion Rule Type":"None","UNR":"none","Index":"2","Blk Type":"true part of","Src Start Line":"24","Score":"1","Enclosing Entity":"controller_tb.uut","Source":"`endif"}
,{"expanded":false,"Exclusion Rule Type":"None","UNR":"none","Index":"3","Blk Type":"false part of","Src Start Line":"27","Score":"1","Enclosing Entity":"controller_tb.uut","Source":"reg complete;"}
,{"expanded":false,"Exclusion Rule Type":"None","UNR":"none","Index":"4","Blk Type":"true part of","Src Start Line":"27","Score":"1","Enclosing Entity":"controller_tb.uut","Source":"reg complete;"}
,{"expanded":false,"Exclusion Rule Type":"None","UNR":"none","Index":"5","Blk Type":"false part of","Src Start Line":"31","Score":"1","Enclosing Entity":"controller_tb.uut","Source":"always @ (posedge clk) begin"}
,{"expanded":false,"Exclusion Rule Type":"None","UNR":"none","Index":"6","Blk Type":"code block","Src Start Line":"35","Score":"1","Enclosing Entity":"controller_tb.uut","Source":"\telse if(start & (state == IDLE) & !reset_latch) begin"}
,{"expanded":false,"Exclusion Rule Type":"None","UNR":"none","Index":"7","Blk Type":"a case item of","Src Start Line":"38","Score":"1","Enclosing Entity":"controller_tb.uut","Source":"\telse"}
,{"expanded":false,"Exclusion Rule Type":"None","UNR":"none","Index":"8","Blk Type":"a case item of","Src Start Line":"40","Score":"1","Enclosing Entity":"controller_tb.uut","Source":"end"}
,{"expanded":false,"Exclusion Rule Type":"None","UNR":"none","Index":"9","Blk Type":"a case item of","Src Start Line":"42","Score":"1","Enclosing Entity":"controller_tb.uut","Source":""}
,{"expanded":false,"Exclusion Rule Type":"None","UNR":"none","Index":"10","Blk Type":"true part of","Src Start Line":"43","Score":"1","Enclosing Entity":"controller_tb.uut","Source":"always @(*) begin"}
,{"expanded":false,"Exclusion Rule Type":"None","UNR":"none","Index":"11","Blk Type":"implicit else","Src Start Line":"42","Score":"1","Enclosing Entity":"controller_tb.uut","Source":""}
,{"expanded":false,"Exclusion Rule Type":"None","UNR":"none","Index":"12","Blk Type":"a case item of","Src Start Line":"45","Score":"1","Enclosing Entity":"controller_tb.uut","Source":"\t\tSTART:"}
,{"expanded":false,"Exclusion Rule Type":"None","UNR":"none","Index":"13","Blk Type":"a case item of","Src Start Line":"47","Score":"1","Enclosing Entity":"controller_tb.uut","Source":"\t\tINIT:"}
,{"expanded":false,"Exclusion Rule Type":"None","UNR":"none","Index":"14","Blk Type":"code block","Src Start Line":"57","Score":"1","Enclosing Entity":"controller_tb.uut","Source":"end"}
,{"expanded":false,"Exclusion Rule Type":"None","UNR":"none","Index":"15","Blk Type":"true part of","Src Start Line":"58","Score":"1","Enclosing Entity":"controller_tb.uut","Source":""}
,{"expanded":false,"Exclusion Rule Type":"None","UNR":"none","Index":"16","Blk Type":"implicit else","Src Start Line":"58","Score":"1","Enclosing Entity":"controller_tb.uut","Source":""}
,{"expanded":false,"Exclusion Rule Type":"None","UNR":"none","Index":"17","Blk Type":"code block","Src Start Line":"62","Score":"1","Enclosing Entity":"controller_tb.uut","Source":"assign bist_end = (complete) & !(reset | start) ;"}
,{"expanded":false,"Exclusion Rule Type":"None","UNR":"none","Index":"18","Blk Type":"true part of","Src Start Line":"62","Score":"1","Enclosing Entity":"controller_tb.uut","Source":"assign bist_end = (complete) & !(reset | start) ;"}
,{"expanded":false,"Exclusion Rule Type":"None","UNR":"none","Index":"19","Blk Type":"true part of","Src Start Line":"63","Score":"1","Enclosing Entity":"controller_tb.uut","Source":"assign toggle   = (state == RUNNING) & toggle_r;"}
,{"expanded":false,"Exclusion Rule Type":"None","UNR":"none","Index":"20","Blk Type":"false part of","Src Start Line":"66","Score":"1","Enclosing Entity":"controller_tb.uut","Source":"\tif(reset | (state == FINISH)) begin"}
,{"expanded":false,"Exclusion Rule Type":"None","UNR":"none","Index":"21","Blk Type":"code block","Src Start Line":"69","Score":"1","Enclosing Entity":"controller_tb.uut","Source":"\tend\t"}
,{"expanded":false,"Exclusion Rule Type":"None","UNR":"none","Index":"22","Blk Type":"implicit else","Src Start Line":"62","Score":"1","Enclosing Entity":"controller_tb.uut","Source":"assign bist_end = (complete) & !(reset | start) ;"}
,{"expanded":false,"Exclusion Rule Type":"None","UNR":"none","Index":"23","Blk Type":"code block","Src Start Line":"78","Score":"1","Enclosing Entity":"controller_tb.uut","Source":"  \tend"}
,{"expanded":false,"Exclusion Rule Type":"None","UNR":"none","Index":"24","Blk Type":"true part of","Src Start Line":"80","Score":"1","Enclosing Entity":"controller_tb.uut","Source":""}
,{"expanded":false,"Exclusion Rule Type":"None","UNR":"none","Index":"25","Blk Type":"false part of","Src Start Line":"82","Score":"1","Enclosing Entity":"controller_tb.uut","Source":"// \tif(!finish & (state == END) & !reset)"}
,{"expanded":false,"Exclusion Rule Type":"None","UNR":"none","Index":"26","Blk Type":"code block","Src Start Line":"86","Score":"1","Enclosing Entity":"controller_tb.uut","Source":"always @ (negedge finish, posedge start, posedge reset) begin"}
,{"expanded":false,"Exclusion Rule Type":"None","UNR":"none","Index":"27","Blk Type":"true part of","Src Start Line":"87","Score":"1","Enclosing Entity":"controller_tb.uut","Source":"\tif(reset | start)"}
,{"expanded":false,"Exclusion Rule Type":"None","UNR":"none","Index":"28","Blk Type":"false part of","Src Start Line":"90","Score":"1","Enclosing Entity":"controller_tb.uut","Source":"\t\tcomplete = 1;"}
]
,"statement_items":[],"fsm_items"
:[{"expanded":false,"Exclusion Rule Type":"None","UNR":"none","title":"state","State Average Grd":"100%","Trans Average Grd":"100%","Arc Average Grd":"n/a","Enclosing Entity":"controller_tb.uut","Source":"\toutput wire bist_end"
,"subitems":[{"expanded":false,"Exclusion Rule Type":"None","UNR":"none","title":"START","Encoding":"0001","Score":"8","Is Reset State":"true","Source":"\tend"}
,{"expanded":false,"Exclusion Rule Type":"None","UNR":"none","title":"INIT","Encoding":"0010","Score":"8","Is Reset State":"false","Source":"\t\tstate       <= next_state;"}
,{"expanded":false,"Exclusion Rule Type":"None","UNR":"none","title":"RUNNING","Encoding":"0011","Score":"8","Is Reset State":"false","Source":""}
,{"expanded":false,"Exclusion Rule Type":"None","UNR":"none","title":"FINISH","Encoding":"0100","Score":"5","Is Reset State":"false","Source":"\tcase (state)"}
,{"expanded":false,"Exclusion Rule Type":"None","UNR":"none","title":"IDLE","Encoding":"0000","Score":"12","Is Reset State":"true","Source":""}
]
,"subitems1":[{"expanded":false,"Exclusion Rule Type":"None","UNR":"none","Index":"0","From State title":"START","To State title":"INIT","Score":"8","Is Reset Trans":"false"
,"subitems":[]}
,{"expanded":false,"Exclusion Rule Type":"None","UNR":"none","Index":"1","From State title":"INIT","To State title":"RUNNING","Score":"8","Is Reset Trans":"false"
,"subitems":[]}
,{"expanded":false,"Exclusion Rule Type":"None","UNR":"none","Index":"2","From State title":"RUNNING","To State title":"FINISH","Score":"5","Is Reset Trans":"false"
,"subitems":[]}
,{"expanded":false,"Exclusion Rule Type":"None","UNR":"none","Index":"3","From State title":"FINISH","To State title":"IDLE","Score":"5","Is Reset Trans":"false"
,"subitems":[]}
]}
]}
