{
"block_items":[{"expanded":false,"Exclusion Rule Type":"None","UNR":"none","Index":"1","Blk Type":"code block","Src Start Line":"31","Score":"1","Enclosing Entity":"controller_tb.uut","Source":"always @ (posedge clk) begin"}
,{"expanded":false,"Exclusion Rule Type":"None","UNR":"none","Index":"2","Blk Type":"true part of","Src Start Line":"32","Score":"1","Enclosing Entity":"controller_tb.uut","Source":"\tif(reset) begin"}
,{"expanded":false,"Exclusion Rule Type":"None","UNR":"none","Index":"3","Blk Type":"false part of","Src Start Line":"35","Score":"1","Enclosing Entity":"controller_tb.uut","Source":"\telse if(start & (state == IDLE) & !reset_latch) begin"}
,{"expanded":false,"Exclusion Rule Type":"None","UNR":"none","Index":"4","Blk Type":"true part of","Src Start Line":"35","Score":"1","Enclosing Entity":"controller_tb.uut","Source":"\telse if(start & (state == IDLE) & !reset_latch) begin"}
,{"expanded":false,"Exclusion Rule Type":"None","UNR":"none","Index":"5","Blk Type":"false part of","Src Start Line":"39","Score":"1","Enclosing Entity":"controller_tb.uut","Source":"\t\tstate       <= next_state;"}
,{"expanded":false,"Exclusion Rule Type":"None","UNR":"none","Index":"6","Blk Type":"code block","Src Start Line":"43","Score":"1","Enclosing Entity":"controller_tb.uut","Source":"always @(*) begin"}
,{"expanded":false,"Exclusion Rule Type":"None","UNR":"none","Index":"7","Blk Type":"a case item of","Src Start Line":"46","Score":"1","Enclosing Entity":"controller_tb.uut","Source":"\t\t\tnext_state = INIT;"}
,{"expanded":false,"Exclusion Rule Type":"None","UNR":"none","Index":"8","Blk Type":"a case item of","Src Start Line":"48","Score":"1","Enclosing Entity":"controller_tb.uut","Source":"\t\t\tnext_state = RUNNING;"}
,{"expanded":false,"Exclusion Rule Type":"None","UNR":"none","Index":"9","Blk Type":"a case item of","Src Start Line":"50","Score":"1","Enclosing Entity":"controller_tb.uut","Source":"\t\t\tif(ncounter == NCLOCK)"}
,{"expanded":false,"Exclusion Rule Type":"None","UNR":"none","Index":"10","Blk Type":"true part of","Src Start Line":"51","Score":"1","Enclosing Entity":"controller_tb.uut","Source":"\t\t\t\tnext_state = FINISH;"}
,{"expanded":false,"Exclusion Rule Type":"None","UNR":"none","Index":"11","Blk Type":"false part of","Src Start Line":"53","Score":"1","Enclosing Entity":"controller_tb.uut","Source":"\t\t\t\tnext_state = RUNNING;"}
,{"expanded":false,"Exclusion Rule Type":"None","UNR":"none","Index":"12","Blk Type":"a case item of","Src Start Line":"55","Score":"1","Enclosing Entity":"controller_tb.uut","Source":"\t\t\tnext_state = IDLE;\t"}
,{"expanded":false,"Exclusion Rule Type":"None","UNR":"none","Index":"13","Blk Type":"a case item of","Src Start Line":"57","Score":"1","Enclosing Entity":"controller_tb.uut","Source":"\t\t\tnext_state  = IDLE;"}
,{"expanded":false,"Exclusion Rule Type":"None","UNR":"none","Index":"14","Blk Type":"code block","Src Start Line":"67","Score":"1","Enclosing Entity":"controller_tb.uut","Source":"always @ (posedge clk) begin"}
,{"expanded":false,"Exclusion Rule Type":"None","UNR":"none","Index":"15","Blk Type":"true part of","Src Start Line":"68","Score":"1","Enclosing Entity":"controller_tb.uut","Source":"\tif(reset | (state == FINISH)) begin"}
,{"expanded":false,"Exclusion Rule Type":"None","UNR":"none","Index":"16","Blk Type":"false part of","Src Start Line":"72","Score":"1","Enclosing Entity":"controller_tb.uut","Source":"\telse if(state == RUNNING) begin"}
,{"expanded":false,"Exclusion Rule Type":"None","UNR":"none","Index":"17","Blk Type":"true part of","Src Start Line":"72","Score":"1","Enclosing Entity":"controller_tb.uut","Source":"\telse if(state == RUNNING) begin"}
,{"expanded":false,"Exclusion Rule Type":"None","UNR":"none","Index":"18","Blk Type":"true part of","Src Start Line":"73","Score":"1","Enclosing Entity":"controller_tb.uut","Source":"\t\tif(ncounter < NCLOCK) begin"}
,{"expanded":false,"Exclusion Rule Type":"None","UNR":"none","Index":"19","Blk Type":"false part of","Src Start Line":"76","Score":"1","Enclosing Entity":"controller_tb.uut","Source":"\t\telse begin"}
,{"expanded":false,"Exclusion Rule Type":"None","UNR":"none","Index":"20","Blk Type":"code block","Src Start Line":"79","Score":"1","Enclosing Entity":"controller_tb.uut","Source":"\t\tncounter <= ncounter + 1;"}
,{"expanded":false,"Exclusion Rule Type":"None","UNR":"none","Index":"21","Blk Type":"implicit else","Src Start Line":"72","Score":"1","Enclosing Entity":"controller_tb.uut","Source":"\telse if(state == RUNNING) begin"}
,{"expanded":false,"Exclusion Rule Type":"None","UNR":"none","Index":"22","Blk Type":"code block","Src Start Line":"88","Score":"1","Enclosing Entity":"controller_tb.uut","Source":"always @ (negedge finish, posedge start, posedge reset) begin"}
,{"expanded":false,"Exclusion Rule Type":"None","UNR":"none","Index":"23","Blk Type":"true part of","Src Start Line":"90","Score":"1","Enclosing Entity":"controller_tb.uut","Source":"\t\tcomplete = 0;"}
,{"expanded":false,"Exclusion Rule Type":"None","UNR":"none","Index":"24","Blk Type":"false part of","Src Start Line":"92","Score":"1","Enclosing Entity":"controller_tb.uut","Source":"\t\tcomplete = 1;"}
,{"expanded":false,"Exclusion Rule Type":"None","UNR":"none","Index":"25","Blk Type":"code block","Src Start Line":"96","Score":"1","Enclosing Entity":"controller_tb.uut","Source":"always @ (posedge start) begin"}
,{"expanded":false,"Exclusion Rule Type":"None","UNR":"none","Index":"26","Blk Type":"true part of","Src Start Line":"97","Score":"1","Enclosing Entity":"controller_tb.uut","Source":"\tif(start & !(reset)) begin"}
,{"expanded":false,"Exclusion Rule Type":"None","UNR":"none","Index":"27","Blk Type":"false part of","Src Start Line":"100","Score":"1","Enclosing Entity":"controller_tb.uut","Source":"\telse begin"}
]
,"statement_items":[],"fsm_items"
:[{"expanded":false,"Exclusion Rule Type":"None","UNR":"none","title":"state","State Average Grd":"100%","Trans Average Grd":"100%","Arc Average Grd":"n/a","Enclosing Entity":"controller_tb.uut","Source":"reg [2:0] state, next_state; "
,"subitems":[{"expanded":false,"Exclusion Rule Type":"None","UNR":"none","title":"START","Encoding":"001","Score":"8","Is Reset State":"true","Source":"\t\tSTART:"}
,{"expanded":false,"Exclusion Rule Type":"None","UNR":"none","title":"INIT","Encoding":"010","Score":"8","Is Reset State":"false","Source":"\t\tINIT:"}
,{"expanded":false,"Exclusion Rule Type":"None","UNR":"none","title":"RUNNING","Encoding":"011","Score":"8","Is Reset State":"false","Source":"\t\tRUNNING:"}
,{"expanded":false,"Exclusion Rule Type":"None","UNR":"none","title":"FINISH","Encoding":"100","Score":"5","Is Reset State":"false","Source":"\t\tFINISH:"}
,{"expanded":false,"Exclusion Rule Type":"None","UNR":"none","title":"IDLE","Encoding":"000","Score":"12","Is Reset State":"true","Source":""}
]
,"subitems1":[{"expanded":false,"Exclusion Rule Type":"None","UNR":"none","Index":"0","From State title":"START","To State title":"INIT","Score":"8","Is Reset Trans":"false"
,"subitems":[]}
,{"expanded":false,"Exclusion Rule Type":"None","UNR":"none","Index":"1","From State title":"INIT","To State title":"RUNNING","Score":"8","Is Reset Trans":"false"
,"subitems":[]}
,{"expanded":false,"Exclusion Rule Type":"None","UNR":"none","Index":"2","From State title":"RUNNING","To State title":"FINISH","Score":"5","Is Reset Trans":"false"
,"subitems":[]}
,{"expanded":false,"Exclusion Rule Type":"None","UNR":"none","Index":"3","From State title":"FINISH","To State title":"IDLE","Score":"5","Is Reset Trans":"false"
,"subitems":[]}
]}
]}
